{"inputUnits":[34],"outputUnits":5,"inputs":{"0":{"dtype":"number","min":175.67370106737903,"max":444.71479245196986},"1":{"dtype":"number","min":67.72711490378771,"max":172.68664052050403},"2":{"dtype":"number","min":182.85641562613995,"max":463.5748255391993},"3":{"dtype":"number","min":50.2125400884606,"max":157.46565169397496},"4":{"dtype":"number","min":162.94552636053777,"max":428.1713653445708},"5":{"dtype":"number","min":56.09661057765382,"max":154.4332636376763},"6":{"dtype":"number","min":195.44231785874422,"max":490.8854396241184},"7":{"dtype":"number","min":63.359366687819204,"max":168.51790966226898},"8":{"dtype":"number","min":135.5360941014865,"max":402.63313887184233},"9":{"dtype":"number","min":67.72501310949659,"max":168.3821592813336},"10":{"dtype":"number","min":216.09152471045113,"max":525.7787444712123},"11":{"dtype":"number","min":140.95996188746352,"max":240.80975855370906},"12":{"dtype":"number","min":86.84912061876824,"max":366.5266359084311},"13":{"dtype":"number","min":142.23365516514167,"max":236.77058475954522},"14":{"dtype":"number","min":288.3246668952912,"max":527.5560365669459},"15":{"dtype":"number","min":92.77289602079281,"max":386.77369707753223},"16":{"dtype":"number","min":36.361157012820705,"max":294.46458868479453},"17":{"dtype":"number","min":79.9276460283925,"max":331.84844020739604},"18":{"dtype":"number","min":196.1105548546936,"max":507.3153793394334},"19":{"dtype":"number","min":27.434741068442975,"max":445.2448311297346},"20":{"dtype":"number","min":-12.007720591029305,"max":364.60303102485864},"21":{"dtype":"number","min":30.584863447493618,"max":417.56275221531496},"22":{"dtype":"number","min":182.718898906782,"max":463.7003715307332},"23":{"dtype":"number","min":350.8735371749225,"max":515.9983972631076},"24":{"dtype":"number","min":82.17699370031691,"max":341.86587560037697},"25":{"dtype":"number","min":355.2444802369589,"max":501.32235634651636},"26":{"dtype":"number","min":151.2687136876444,"max":443.19780728232536},"27":{"dtype":"number","min":457.1856451962245,"max":585.6569591477687},"28":{"dtype":"number","min":61.66039967815236,"max":342.9468580906493},"29":{"dtype":"number","min":463.1199889424246,"max":595.3752189665917},"30":{"dtype":"number","min":141.15114798341745,"max":433.2493045079569},"31":{"dtype":"number","min":541.5545167440571,"max":574.8215101665096},"32":{"dtype":"number","min":70.00618426252431,"max":348.4758785262646},"33":{"dtype":"number","min":546.3357971428898,"max":576.6099874889804}},"outputs":{"0":{"dtype":"string","min":0,"max":1,"uniqueValues":["M","A","T","O","S"],"legend":{"M":[1,0,0,0,0],"A":[0,1,0,0,0],"T":[0,0,1,0,0],"O":[0,0,0,1,0],"S":[0,0,0,0,1]}}},"isNormalized":true}